-- MySQL dump 10.13  Distrib 5.1.41, for Win32 (ia32)
--
-- Host: localhost    Database: tinyactiviti
-- ------------------------------------------------------
-- Server version	5.1.41-community

/*!40101 SET @OLD_CHARACTER_SET_CLIENT=@@CHARACTER_SET_CLIENT */;
/*!40101 SET @OLD_CHARACTER_SET_RESULTS=@@CHARACTER_SET_RESULTS */;
/*!40101 SET @OLD_COLLATION_CONNECTION=@@COLLATION_CONNECTION */;
/*!40101 SET NAMES utf8 */;
/*!40103 SET @OLD_TIME_ZONE=@@TIME_ZONE */;
/*!40103 SET TIME_ZONE='+00:00' */;
/*!40014 SET @OLD_UNIQUE_CHECKS=@@UNIQUE_CHECKS, UNIQUE_CHECKS=0 */;
/*!40014 SET @OLD_FOREIGN_KEY_CHECKS=@@FOREIGN_KEY_CHECKS, FOREIGN_KEY_CHECKS=0 */;
/*!40101 SET @OLD_SQL_MODE=@@SQL_MODE, SQL_MODE='NO_AUTO_VALUE_ON_ZERO' */;
/*!40111 SET @OLD_SQL_NOTES=@@SQL_NOTES, SQL_NOTES=0 */;

--
-- Table structure for table `process`
--

DROP TABLE IF EXISTS `process`;
/*!40101 SET @saved_cs_client     = @@character_set_client */;
/*!40101 SET character_set_client = utf8 */;
CREATE TABLE `process` (
  `thisItem` varchar(128) NOT NULL,
  `type` varchar(128) DEFAULT NULL,
  `name` varchar(128) DEFAULT NULL,
  `assignee` varchar(128) DEFAULT NULL,
  `deadline` date DEFAULT NULL,
  `done` tinyint(1) DEFAULT NULL,
  PRIMARY KEY (`thisItem`)
) ENGINE=InnoDB DEFAULT CHARSET=utf8;
/*!40101 SET character_set_client = @saved_cs_client */;

--
-- Dumping data for table `process`
--

LOCK TABLES `process` WRITE;
/*!40000 ALTER TABLE `process` DISABLE KEYS */;
INSERT INTO `process` VALUES ('sid-09E294A1-6F51-421A-8C2E-092A502E0F7C','endEvent','','ds','2012-01-01',0),('sid-0A7B901C-D5E8-4CA8-8624-40BC22ACE18E','startEvent','','ds','2012-01-01',0),('sid-0AA711E7-B2A0-4A4B-A103-17512E1F9797','task','666','ds','2012-01-01',0),('sid-21CDA455-28BB-4807-BD75-DDD6AF4E91B0','task','555','ds','2012-01-01',0),('sid-382C8C43-3227-4998-9428-E6707EC7EB80','task','444','worker','2012-01-01',0),('sid-6AC2713F-D512-478D-9E9D-523C2B5150BF','task','333','worker','2012-01-01',0),('sid-B77C5020-4F4D-4EA3-A9F9-9B20580E3135','task','222','worker','2012-01-01',0),('sid-EE8E7115-E507-4049-A274-A354DABE5D68','task','111','ds','2012-01-01',0);
/*!40000 ALTER TABLE `process` ENABLE KEYS */;
UNLOCK TABLES;

--
-- Table structure for table `reflist`
--

DROP TABLE IF EXISTS `reflist`;
/*!40101 SET @saved_cs_client     = @@character_set_client */;
/*!40101 SET character_set_client = utf8 */;
CREATE TABLE `reflist` (
  `thisItem` varchar(128) NOT NULL,
  `refItem` varchar(128) DEFAULT NULL
) ENGINE=InnoDB DEFAULT CHARSET=utf8;
/*!40101 SET character_set_client = @saved_cs_client */;

--
-- Dumping data for table `reflist`
--

LOCK TABLES `reflist` WRITE;
/*!40000 ALTER TABLE `reflist` DISABLE KEYS */;
INSERT INTO `reflist` VALUES ('sid-EE8E7115-E507-4049-A274-A354DABE5D68','sid-0A7B901C-D5E8-4CA8-8624-40BC22ACE18E'),('sid-B77C5020-4F4D-4EA3-A9F9-9B20580E3135','sid-EE8E7115-E507-4049-A274-A354DABE5D68'),('sid-6AC2713F-D512-478D-9E9D-523C2B5150BF','sid-B77C5020-4F4D-4EA3-A9F9-9B20580E3135'),('sid-382C8C43-3227-4998-9428-E6707EC7EB80','sid-EE8E7115-E507-4049-A274-A354DABE5D68'),('sid-21CDA455-28BB-4807-BD75-DDD6AF4E91B0','sid-382C8C43-3227-4998-9428-E6707EC7EB80'),('sid-0AA711E7-B2A0-4A4B-A103-17512E1F9797','sid-21CDA455-28BB-4807-BD75-DDD6AF4E91B0'),('sid-0AA711E7-B2A0-4A4B-A103-17512E1F9797','sid-6AC2713F-D512-478D-9E9D-523C2B5150BF'),('sid-0AA711E7-B2A0-4A4B-A103-17512E1F9797','sid-EE8E7115-E507-4049-A274-A354DABE5D68'),('sid-09E294A1-6F51-421A-8C2E-092A502E0F7C','sid-0AA711E7-B2A0-4A4B-A103-17512E1F9797'),('sid-EE8E7115-E507-4049-A274-A354DABE5D68','sid-0A7B901C-D5E8-4CA8-8624-40BC22ACE18E'),('sid-B77C5020-4F4D-4EA3-A9F9-9B20580E3135','sid-EE8E7115-E507-4049-A274-A354DABE5D68'),('sid-6AC2713F-D512-478D-9E9D-523C2B5150BF','sid-B77C5020-4F4D-4EA3-A9F9-9B20580E3135'),('sid-382C8C43-3227-4998-9428-E6707EC7EB80','sid-EE8E7115-E507-4049-A274-A354DABE5D68'),('sid-21CDA455-28BB-4807-BD75-DDD6AF4E91B0','sid-382C8C43-3227-4998-9428-E6707EC7EB80'),('sid-0AA711E7-B2A0-4A4B-A103-17512E1F9797','sid-21CDA455-28BB-4807-BD75-DDD6AF4E91B0'),('sid-0AA711E7-B2A0-4A4B-A103-17512E1F9797','sid-6AC2713F-D512-478D-9E9D-523C2B5150BF'),('sid-0AA711E7-B2A0-4A4B-A103-17512E1F9797','sid-EE8E7115-E507-4049-A274-A354DABE5D68'),('sid-09E294A1-6F51-421A-8C2E-092A502E0F7C','sid-0AA711E7-B2A0-4A4B-A103-17512E1F9797');
/*!40000 ALTER TABLE `reflist` ENABLE KEYS */;
UNLOCK TABLES;

--
-- Table structure for table `user`
--

DROP TABLE IF EXISTS `user`;
/*!40101 SET @saved_cs_client     = @@character_set_client */;
/*!40101 SET character_set_client = utf8 */;
CREATE TABLE `user` (
  `id` varchar(16) NOT NULL,
  `password` varchar(16) DEFAULT NULL,
  `power` enum('admin','manager','worker') NOT NULL,
  PRIMARY KEY (`id`)
) ENGINE=InnoDB DEFAULT CHARSET=utf8;
/*!40101 SET character_set_client = @saved_cs_client */;

--
-- Dumping data for table `user`
--

LOCK TABLES `user` WRITE;
/*!40000 ALTER TABLE `user` DISABLE KEYS */;
INSERT INTO `user` VALUES ('admin','admin','admin'),('chl','chl','admin'),('ds','ds','worker'),('manager','manager','manager'),('worker','worker','worker'),('zmm','zmm','manager');
/*!40000 ALTER TABLE `user` ENABLE KEYS */;
UNLOCK TABLES;
/*!40103 SET TIME_ZONE=@OLD_TIME_ZONE */;

/*!40101 SET SQL_MODE=@OLD_SQL_MODE */;
/*!40014 SET FOREIGN_KEY_CHECKS=@OLD_FOREIGN_KEY_CHECKS */;
/*!40014 SET UNIQUE_CHECKS=@OLD_UNIQUE_CHECKS */;
/*!40101 SET CHARACTER_SET_CLIENT=@OLD_CHARACTER_SET_CLIENT */;
/*!40101 SET CHARACTER_SET_RESULTS=@OLD_CHARACTER_SET_RESULTS */;
/*!40101 SET COLLATION_CONNECTION=@OLD_COLLATION_CONNECTION */;
/*!40111 SET SQL_NOTES=@OLD_SQL_NOTES */;

-- Dump completed on 2012-01-01 17:32:58
